Dates;ABI BB Equity;AD NA Equity;ADS GY Equity;AI FP Equity;AIR FP Equity;AMS SQ Equity;ASML NA Equity;BAS GY Equity;BAYN GY Equity;BBVA SQ Equity;BMW GY Equity;BN FP Equity;BNP FP Equity;CRH ID Equity;CS FP Equity;DAI GY Equity;DG FP Equity;DPW GY Equity;DTE GY Equity;EL FP Equity;ENEL IM Equity;ENGI FP Equity;ENI IM Equity;FP FP Equity;FRE GY Equity;GLE FP Equity;IBE SQ Equity;INGA NA Equity;ISP IM Equity;ITX SQ Equity;KER FP Equity;LIN GY Equity;MC FP Equity;MUV2 GY Equity;OR FP Equity;ORA FP Equity;PHIA NA Equity;SAF FP Equity;SAN FP Equity;SAN SQ Equity;SAP GY Equity;SIE GY Equity;SU FP Equity;TEF SQ Equity;URW NA Equity;VIV FP Equity;VOW3 GY Equity;SX5E Index
27/02/2019 00:00;65,86;22,60;213,10;109,50;113,46;68,62;161,68;67,28;69,28;5,38;74,24;66,42;44,20;27,55;22,11;52,88;82,74;27,12;14,48;106,75;5,30;13,90;15,22;50,02;48,14;26,56;7,34;11,55;2,13;26,02;481,40;152,70;302,40;205,90;220,30;13,31;34,66;120,00;72,73;4,20;93,81;96,68;68,32;7,54;143,76;24,39;151,66;3282,77
28/02/2019 00:00;68,55;22,68;213,60;109,65;113,60;66,20;161,12;66,99;70,28;5,47;74,31;66,33;45,06;27,84;22,30;52,66;83,92;27,32;14,49;106,45;5,32;13,25;15,17;49,99;49,43;27,00;7,35;11,63;2,17;26,54;480,10;152,80;302,00;207,10;221,90;13,44;35,00;119,90;73,50;4,30;94,20;96,13;68,42;7,59;142,00;25,70;150,90;3298,26
01/03/2019 00:00;72,80;22,81;215,90;110,45;113,90;66,40;161,46;68,06;71,43;5,38;74,75;65,88;44,90;28,26;22,53;53,28;83,16;27,30;14,53;106,70;5,31;13,34;15,04;49,88;48,83;27,04;7,29;11,67;2,16;26,75;495,50;150,75;306,60;208,50;223,40;13,33;35,38;120,00;74,00;4,25;94,89;96,94;69,06;7,48;141,80;25,62;154,18;3312,10
04/03/2019 00:00;71,65;22,26;215,80;109,90;114,02;65,86;163,88;68,31;72,35;5,34;74,67;66,72;44,94;28,04;22,46;53,48;83,52;27,42;14,59;108,10;5,30;13,20;15,11;50,37;48,67;27,22;7,31;11,63;2,17;26,86;494,50;147,90;308,00;208,50;223,20;13,32;35,89;120,45;75,03;4,24;94,68;97,42;69,98;7,42;143,74;25,45;154,24;3317,12
05/03/2019 00:00;72,68;22,62;216,70;110,85;113,24;65,44;163,92;68,13;72,81;5,31;75,06;66,93;44,52;28,17;22,29;52,91;83,78;27,40;14,69;109,05;5,33;13,18;15,18;50,85;48,44;27,03;7,35;11,24;2,16;26,79;493,40;149,25;309,00;208,90;226,20;13,36;36,15;120,90;76,43;4,24;95,37;97,22;69,56;7,49;144,28;25,61;154,22;3327,19
06/03/2019 00:00;72,47;22,69;217,60;111,80;113,72;64,94;160,94;68,08;72,47;5,37;74,53;67,36;44,69;27,86;22,36;52,20;83,68;27,10;14,69;108,75;5,40;13,12;15,28;51,02;48,19;27,11;7,38;10,99;2,18;26,91;489,00;149,40;306,90;209,80;224,00;13,26;36,00;120,70;76,58;4,31;95,20;97,22;69,66;7,53;143,72;25,70;152,18;3324,67
07/03/2019 00:00;71,75;22,44;215,60;110,70;112,74;66,02;159,40;67,06;71,14;5,22;73,09;68,02;43,18;27,41;22,23;50,44;84,02;27,45;14,87;108,65;5,50;13,28;15,28;51,02;47,89;25,94;7,64;10,71;2,13;26,86;487,00;149,50;306,05;208,50;228,10;13,43;35,52;120,15;76,64;4,16;95,32;96,45;69,26;7,56;144,32;25,55;149,94;3308,85
08/03/2019 00:00;71,48;22,25;210,60;110,85;111,52;66,08;158,30;66,40;69,49;5,14;72,16;67,91;42,35;27,45;21,99;50,08;84,36;27,65;14,87;101,80;5,48;13,24;14,97;50,33;47,19;25,30;7,55;10,44;2,12;26,41;486,80;149,90;305,80;208,70;229,10;13,57;34,90;119,55;76,78;4,08;95,60;95,14;67,60;7,58;146,64;25,57;147,06;3283,60
11/03/2019 00:00;71,74;22,29;212,60;111,45;112,96;66,10;161,18;66,86;68,40;5,20;73,18;67,93;43,33;27,80;22,17;50,75;84,82;28,07;14,97;103,65;5,46;13,28;15,12;50,76;48,17;26,36;7,59;10,72;2,14;26,36;487,50;151,85;306,40;209,00;227,30;13,60;35,38;117,55;76,96;4,14;95,84;95,78;68,76;7,64;146,00;25,61;146,66;3304,44
12/03/2019 00:00;71,82;22,37;209,80;111,35;114,58;65,36;162,00;66,80;67,04;5,18;73,10;67,61;43,05;27,59;22,15;50,56;84,04;28,45;15,01;103,85;5,50;13,34;15,16;50,66;48,30;26,30;7,63;10,67;2,14;26,27;487,60;152,95;308,60;209,10;228,30;13,53;35,24;117,00;77,40;4,14;95,60;96,11;69,10;7,57;144,64;25,61;143,98;3303,95
13/03/2019 00:00;71,13;22,57;204,80;111,65;116,88;65,52;161,92;67,08;68,04;5,28;73,63;67,95;43,56;27,70;22,31;50,88;84,00;28,81;15,11;102,45;5,49;13,34;15,54;51,21;49,11;26,73;7,59;10,82;2,15;25,10;490,50;154,75;310,50;209,30;228,90;13,59;35,55;117,25;77,80;4,27;96,40;96,16;69,40;7,59;145,50;25,82;145,54;3323,45
14/03/2019 00:00;70,68;22,56;211,60;112,45;117,00;65,50;162,16;66,19;67,79;5,28;73,78;68,71;43,84;27,47;22,47;50,97;85,82;29,27;15,19;105,85;5,49;13,30;15,54;51,45;48,63;27,00;7,60;10,93;2,17;25,07;494,60;153,85;315,60;211,50;232,60;13,79;35,75;117,40;78,35;4,30;97,00;96,84;69,82;7,61;148,50;25,93;144,16;3342,03
15/03/2019 00:00;71,71;22,97;212,40;113,75;117,68;67,50;169,70;67,51;67,75;5,37;74,09;69,05;44,29;28,04;22,80;51,67;86,28;29,47;15,46;106,40;5,47;13,52;15,59;51,70;48,97;27,30;7,67;11,08;2,20;25,96;496,30;154,40;318,60;216,60;236,10;14,16;36,42;118,80;79,55;4,38;99,35;97,98;70,72;7,81;149,34;25,90;144,32;3386,08
18/03/2019 00:00;72,36;23,49;207,40;112,50;118,00;67,48;167,40;66,95;68,03;5,42;74,17;69,13;45,10;27,86;22,80;51,10;86,76;29,57;15,65;105,20;5,50;13,50;15,74;52,27;48,12;27,97;7,72;10,97;2,23;26,20;496,00;153,30;317,15;216,60;235,20;14,27;36,02;119,85;79,22;4,43;98,85;97,98;70,34;7,83;149,90;25,94;145,50;3387,94
19/03/2019 00:00;74,30;23,51;211,00;111,85;119,00;67,84;167,98;67,80;69,70;5,49;75,72;68,78;45,11;27,71;22,85;52,86;85,88;29,87;15,69;105,50;5,52;13,44;15,89;51,54;48,82;27,98;7,74;10,97;2,24;26,59;509,40;154,15;320,30;217,00;234,70;14,36;36,12;121,25;79,55;4,49;100,14;99,50;71,14;7,83;150,04;26,11;147,90;3409,00
20/03/2019 00:00;73,18;23,55;209,80;112,65;117,86;68,52;166,18;67,50;63,00;5,42;71,98;68,96;44,19;27,67;22,68;51,72;85,84;29,43;15,67;105,00;5,54;13,48;15,78;50,36;49,51;27,24;7,77;10,75;2,23;26,10;502,80;154,20;318,20;211,00;235,20;14,36;35,67;120,90;79,40;4,42;100,10;97,35;70,26;7,72;149,38;25,89;143,92;3372,38
21/03/2019 00:00;73,49;23,69;208,50;112,95;118,56;68,00;169,58;67,08;61,28;5,37;71,15;69,41;43,04;27,63;22,61;51,50;86,08;28,85;15,80;98,12;5,58;13,45;15,83;50,48;48,28;26,58;7,78;10,74;2,22;26,29;500,00;153,95;317,80;211,20;237,30;14,55;35,75;120,95;79,74;4,31;100,10;98,41;70,18;7,74;151,92;25,86;142,94;3367,40
22/03/2019 00:00;71,81;23,63;209,90;110,65;114,60;67,28;167,30;65,51;59,30;5,19;69,60;67,70;41,63;27,19;22,33;50,50;84,84;28,56;15,65;97,96;5,63;13,25;15,70;49,43;46,24;25,53;7,73;10,46;2,16;26,27;492,20;150,35;313,45;207,50;234,70;14,41;35,31;118,10;78,31;4,15;98,68;95,28;67,74;7,60;152,14;25,51;139,14;3305,73
25/03/2019 00:00;71,21;23,43;212,70;112,10;114,04;67,28;165,10;65,32;57,59;5,20;68,92;67,13;41,53;27,17;22,30;50,75;84,88;28,53;15,55;97,00;5,62;13,30;15,62;49,25;47,09;25,40;7,77;10,49;2,15;25,92;497,40;151,40;317,70;207,70;234,80;14,33;35,36;117,85;77,96;4,15;98,64;94,90;68,30;7,54;150,50;25,46;139,82;3300,48
26/03/2019 00:00;72,55;23,44;214,20;112,95;116,34;68,20;166,00;65,27;57,07;5,14;67,91;67,78;41,43;26,83;22,37;50,39;86,04;28,64;15,64;98,82;5,70;13,23;15,62;49,59;48,76;25,48;7,77;10,48;2,14;26,43;504,20;150,60;322,80;208,00;238,30;14,40;35,92;118,10;78,33;4,09;100,86;94,78;68,72;7,57;153,00;25,80;138,62;3319,53
27/03/2019 00:00;73,21;23,98;213,90;112,65;115,48;68,66;163,28;65,12;56,33;5,12;68,23;67,54;42,33;26,70;22,48;51,35;86,24;28,85;15,64;98,60;5,71;13,30;15,59;49,36;48,54;25,97;7,88;10,75;2,16;25,90;502,00;150,65;322,90;208,30;238,40;14,40;35,92;116,90;77,69;4,15;100,24;95,57;68,98;7,59;147,96;25,77;139,04;3322,04
28/03/2019 00:00;73,15;23,60;214,80;112,90;116,26;69,68;163,36;65,54;56,29;5,05;67,89;68,12;41,99;26,75;22,26;51,09;85,56;28,73;15,53;96,00;5,69;13,24;15,48;49,30;49,08;25,47;7,85;10,65;2,16;25,94;503,40;153,40;324,10;209,20;238,60;14,36;36,10;118,65;78,71;4,10;101,44;95,00;68,68;7,39;145,86;25,78;138,48;3320,29
29/03/2019 00:00;74,76;23,73;216,60;113,35;117,90;71,40;167,20;65,53;57,60;5,09;68,75;68,69;42,61;27,65;22,43;52,25;86,72;29,00;14,80;97,38;5,70;13,28;15,75;49,52;49,76;25,78;7,83;10,78;2,17;26,20;511,20;156,00;327,90;211,00;239,80;14,50;36,32;122,25;78,74;4,14;103,00;95,94;69,94;7,47;146,14;25,83;140,32;3351,71
01/04/2019 00:00;74,53;23,59;219,20;114,00;117,76;71,70;170,50;66,66;58,26;5,31;69,70;68,34;43,48;28,26;22,71;54,40;87,50;29,44;14,83;97,20;5,66;13,32;15,83;50,00;51,45;26,53;7,77;11,04;2,21;26,09;522,10;158,40;333,25;211,80;240,40;14,59;36,53;123,20;78,85;4,27;103,00;97,95;70,74;7,51;148,50;25,75;144,46;3385,38
02/04/2019 00:00;74,93;23,23;221,65;114,10;117,22;71,18;172,50;67,18;59,15;5,33;71,25;68,50;43,91;28,23;22,97;54,95;88,00;29,01;14,82;96,84;5,66;13,35;15,79;49,98;51,21;26,62;7,80;11,16;2,20;26,30;526,40;158,50;334,50;214,00;238,60;14,61;35,35;122,35;79,24;4,28;103,10;99,17;71,68;7,49;149,85;25,79;146,10;3395,70
03/04/2019 00:00;74,72;23,18;223,55;115,55;118,54;71,60;176,22;69,37;60,41;5,41;72,58;68,92;44,52;29,21;23,34;55,49;89,36;29,85;14,95;97,26;5,71;13,47;15,90;50,00;52,42;26,85;7,91;11,32;2,22;26,64;524,20;163,45;334,00;214,80;240,20;14,83;35,90;125,05;78,71;4,36;103,84;100,70;73,06;7,55;150,15;26,30;148,52;3435,56
04/04/2019 00:00;75,50;23,30;226,40;115,70;117,82;71,48;176,84;69,12;60,68;5,50;73,34;68,40;44,88;28,93;23,37;56,22;88,86;29,91;15,05;97,24;5,70;13,47;15,76;49,87;52,39;26,98;7,96;11,42;2,23;26,90;522,50;163,85;333,55;215,70;241,30;14,85;35,45;124,00;78,57;4,41;103,64;100,98;73,02;7,62;151,95;26,18;149,96;3441,93
05/04/2019 00:00;76,90;23,11;227,55;116,55;118,68;71,52;179,32;69,46;61,47;5,50;73,79;67,90;44,51;29,48;23,25;56,01;89,30;29,91;14,98;96,10;5,69;13,44;15,85;50,29;51,97;26,65;7,94;11,31;2,23;26,70;530,10;165,20;336,05;216,00;240,00;14,86;35,38;125,45;78,49;4,40;102,50;102,14;72,84;7,51;150,90;26,42;148,76;3447,47
08/04/2019 00:00;76,53;23,04;224,75;116,70;120,74;71,80;179,74;69,22;61,29;5,33;73,57;68,54;44,45;28,73;23,25;55,97;88,82;30,18;14,97;96,40;5,68;13,55;15,81;50,60;51,64;26,52;7,90;11,29;2,23;26,60;526,60;164,00;332,00;214,50;240,30;14,82;35,36;123,00;78,49;4,39;101,88;102,02;72,68;7,42;149,10;26,05;149,32;3438,06
09/04/2019 00:00;76,60;23,02;224,15;115,90;118,50;71,40;179,20;68,71;60,92;5,35;73,20;68,54;44,58;28,74;23,16;55,23;88,00;29,86;14,97;97,06;5,66;13,58;15,89;50,23;51,67;26,60;7,91;11,31;2,24;26,50;517,80;162,25;327,30;214,40;240,00;14,86;35,07;121,35;78,25;4,38;98,38;100,70;72,60;7,39;147,90;26,13;148,00;3417,22
10/04/2019 00:00;77,51;23,31;226,30;116,55;116,50;70,70;177,80;68,83;61,47;5,29;73,19;69,00;44,20;28,60;23,18;55,06;89,44;29,92;14,93;96,86;5,68;13,61;15,94;50,37;51,60;26,26;7,95;11,25;2,22;26,54;523,60;162,60;329,75;214,50;242,50;14,68;35,29;120,90;77,96;4,37;99,70;101,58;73,22;7,39;153,25;26,32;147,60;3424,65
11/04/2019 00:00;78,08;22,94;225,40;115,65;117,50;69,90;176,30;69,61;60,79;5,37;73,51;69,14;44,81;29,07;23,28;55,45;89,50;30,21;14,86;98,74;5,64;13,38;15,92;50,08;51,81;26,93;7,85;11,45;2,23;26,59;535,30;160,35;344,95;215,60;240,20;14,61;35,02;120,45;77,14;4,48;99,67;102,44;73,30;7,44;156,00;26,32;151,14;3435,34
12/04/2019 00:00;78,41;21,93;225,40;115,65;118,60;69,74;178,72;71,79;61,42;5,51;75,29;69,40;46,32;29,13;23,34;56,67;89,66;30,12;14,83;101,00;5,61;13,20;15,82;49,99;51,45;28,00;7,75;11,87;2,28;26,30;530,40;159,75;342,90;214,20;240,30;14,56;35,22;122,00;75,40;4,56;99,39;103,86;73,64;7,43;154,50;26,28;153,34;3447,83
15/04/2019 00:00;78,63;22,37;226,30;115,95;117,24;69,70;177,06;72,15;61,71;5,48;75,65;69,98;46,85;29,28;23,45;56,49;89,30;30,41;14,95;101,60;5,58;13,32;15,67;50,07;50,85;27,99;7,79;11,94;2,30;26,54;531,60;158,75;342,95;215,10;238,50;14,64;35,70;121,25;75,00;4,56;99,76;103,74;73,88;7,47;155,00;26,37;154,98;3450,46
16/04/2019 00:00;78,99;22,20;229,70;116,60;117,92;69,40;180,20;72,93;62,21;5,53;76,40;69,68;47,66;29,61;23,55;56,95;89,80;30,45;14,95;103,75;5,48;13,30;15,43;49,56;50,96;28,54;7,72;12,05;2,32;27,03;532,90;158,85;346,30;219,40;240,30;14,58;35,72;121,65;75,10;4,57;99,47;104,54;74,08;7,40;156,50;25,83;156,62;3463,36
17/04/2019 00:00;78,36;22,07;229,45;117,15;119,04;68,46;179,98;73,93;61,54;5,60;77,25;69,60;48,44;29,73;23,70;58,08;89,68;30,70;14,78;107,10;5,52;13,30;15,43;50,09;49,23;29,00;7,76;11,99;2,34;27,30;537,50;159,35;350,85;219,90;242,70;14,57;35,49;122,90;73,06;4,62;99,37;105,84;74,96;7,50;155,10;25,68;161,36;3477,73
18/04/2019 00:00;79,84;22,04;232,15;118,30;120,24;68,86;183,22;74,16;61,16;5,59;77,75;70,40;48,99;30,53;23,74;59,31;89,36;31,10;14,89;108,15;5,53;13,34;15,43;50,30;48,91;29,02;7,78;12,04;2,33;28,00;510,40;160,80;352,30;221,50;243,20;14,63;35,33;123,75;72,87;4,61;100,48;106,50;77,00;7,51;154,65;25,89;163,14;3499,23
23/04/2019 00:00;79,82;21,34;230,90;117,95;122,80;70,38;182,94;74,49;62,00;5,48;77,50;71,08;48,11;29,99;23,72;59,11;88,30;31,15;15,00;109,30;5,52;13,27;15,80;51,22;50,33;28,28;7,84;11,95;2,32;27,84;531,60;160,10;349,10;222,60;243,10;14,49;36,08;125,20;74,17;4,55;101,84;105,68;76,12;7,43;150,85;25,74;160,00;3503,85
24/04/2019 00:00;79,26;21,12;230,70;117,80;122,20;70,20;185,40;73,17;60,20;5,41;76,47;71,10;47,15;30,15;23,65;58,44;89,90;31,06;14,82;107,10;5,50;13,03;15,55;50,04;50,22;27,52;7,81;11,73;2,28;27,70;533,10;159,35;350,95;221,10;245,00;14,25;35,89;125,80;74,34;4,48;114,62;105,62;76,42;7,34;155,50;25,66;157,50;3502,63
25/04/2019 00:00;77,66;21,25;228,75;119,00;121,90;71,00;185,36;72,76;61,04;5,36;75,78;71,46;46,77;29,57;23,70;57,70;88,70;31,03;14,92;107,55;5,54;13,00;15,51;49,91;49,53;27,54;8,15;11,33;2,28;26,99;529,30;158,05;347,85;222,60;243,70;14,32;35,92;125,15;73,62;4,48;115,04;105,64;76,46;7,38;155,35;25,58;155,46;3491,92
26/04/2019 00:00;78,28;21,28;229,20;118,75;121,86;70,44;184,74;72,82;61,54;5,38;76,20;71,56;46,90;29,35;23,65;58,30;89,32;31,03;14,96;107,85;5,59;13,12;15,34;49,35;50,82;27,70;8,04;11,32;2,29;26,95;529,40;159,15;346,45;223,50;241,90;14,37;36,18;129,35;76,20;4,49;114,34;105,30;76,34;7,46;155,95;25,85;155,76;3500,41
29/04/2019 00:00;78,79;21,25;228,60;118,00;123,02;70,28;185,08;72,48;59,38;5,42;75,89;71,62;47,67;29,75;23,68;58,14;89,20;30,92;14,95;108,65;5,55;13,03;15,10;48,60;51,56;28,43;7,93;11,38;2,33;26,50;525,00;158,50;345,35;221,80;242,90;14,39;37,01;129,10;77,49;4,52;115,00;105,86;76,76;7,51;154,45;25,99;156,20;3501,94
30/04/2019 00:00;79,26;21,46;229,10;118,55;121,88;70,92;185,54;72,49;59,34;5,42;75,90;72,08;47,45;30,05;23,75;58,34;90,02;30,90;14,91;108,50;5,64;13,21;15,22;49,55;50,58;28,22;8,10;11,36;2,34;26,97;527,00;160,40;349,05;223,00;245,10;13,97;37,97;129,90;77,49;4,51;114,58;106,74;75,46;7,43;153,25;25,87;155,04;3514,62
02/05/2019 00:00;78,75;21,26;228,90;118,50;119,98;67,94;184,06;72,33;61,57;5,35;75,80;71,82;48,00;30,34;22,63;58,61;89,18;31,04;14,99;106,90;5,58;13,21;15,03;49,38;50,75;28,38;7,95;11,30;2,33;26,18;520,20;159,60;351,00;212,80;238,70;14,11;37,64;126,90;77,03;4,43;113,10;105,34;73,96;7,32;153,80;25,79;160,74;3488,93
03/05/2019 00:00;78,83;21,35;249,80;118,55;119,56;67,62;185,40;72,87;61,87;5,34;75,67;72,46;48,26;30,53;23,07;58,54;88,38;30,86;14,92;106,50;5,60;13,26;15,09;49,17;51,43;28,70;7,98;11,24;2,32;26,29;526,00;160,45;355,05;212,60;241,30;13,93;37,76;126,95;77,62;4,41;113,66;105,76;74,50;7,29;150,90;25,56;160,28;3502,48
06/05/2019 00:00;78,55;21,35;252,80;117,80;119,70;66,50;182,20;69,00;61,13;5,28;74,00;72,44;47,89;30,38;22,82;57,34;87,54;30,32;14,89;107,30;5,56;13,17;14,87;47,99;50,23;28,18;8,01;11,04;2,29;26,05;513,00;159,90;344,40;211,70;240,40;13,88;37,20;127,05;76,71;4,35;112,50;104,60;73,54;7,29;151,25;25,42;157,62;3462,95
07/05/2019 00:00;75,75;21,22;250,00;115,70;117,54;65,34;179,48;66,45;59,61;5,14;72,28;69,86;46,88;29,44;22,51;56,62;86,62;29,49;14,86;105,80;5,60;13,16;14,49;46,71;49,38;27,09;8,02;10,81;2,24;25,48;507,20;155,25;335,05;210,50;236,10;13,91;36,99;124,55;76,23;4,25;110,06;102,48;72,54;7,22;149,55;25,12;154,42;3401,16
08/05/2019 00:00;75,92;20,95;256,55;115,40;118,80;67,62;181,36;66,73;59,65;5,20;71,38;70,02;46,82;29,26;22,35;57,30;86,64;29,19;14,93;106,95;5,58;13,14;14,48;46,98;50,30;26,90;7,91;10,75;2,22;25,43;515,70;156,80;339,60;208,40;238,30;13,95;37,20;124,25;76,33;4,25;111,10;107,16;72,82;7,18;148,15;25,41;154,58;3417,26
09/05/2019 00:00;74,19;20,93;249,85;113,10;116,80;65,94;174,06;65,52;57,07;5,09;69,30;69,46;45,42;28,62;22,11;55,65;85,22;28,83;14,85;106,00;5,52;13,00;14,32;46,61;50,52;26,29;7,88;10,43;2,16;25,15;501,60;152,70;331,85;207,50;235,80;13,89;36,78;122,40;73,38;4,15;110,08;105,28;71,28;7,12;146,60;24,88;151,50;3350,71
10/05/2019 00:00;74,11;20,58;252,00;113,55;117,50;66,34;175,32;65,23;57,54;5,08;68,87;69,82;45,49;28,53;22,10;53,89;85,84;28,77;14,91;110,20;5,55;13,12;14,27;46,87;50,44;26,09;7,99;10,44;2,16;25,19;507,10;159,00;333,55;210,10;235,00;13,73;37,18;123,05;72,72;4,12;110,24;107,02;71,30;7,11;145,75;24,76;150,32;3361,05
13/05/2019 00:00;73,26;20,56;245,80;113,30;115,52;65,58;171,00;63,15;56,47;4,98;68,06;69,68;44,78;28,05;21,96;52,12;85,08;28,33;14,64;110,35;5,51;13,20;14,42;46,87;48,95;25,51;8,06;10,24;2,12;24,95;491,00;158,85;323,75;208,40;235,70;13,52;35,75;120,20;72,96;4,06;109,90;104,78;70,02;7,02;143,10;24,62;147,54;3320,78
14/05/2019 00:00;74,17;20,52;250,45;115,20;119,00;68,08;176,30;63,14;55,33;5,08;67,88;69,94;45,48;28,41;22,15;52,75;87,00;28,73;14,87;109,00;5,58;13,44;14,60;47,40;48,75;25,80;8,11;10,31;2,15;25,12;508,50;162,05;334,30;211,80;237,30;13,66;36,09;121,40;73,40;4,10;111,92;106,04;71,92;7,11;144,25;24,78;149,02;3364,38
15/05/2019 00:00;74,67;20,77;253,10;115,00;120,88;68,74;179,24;63,57;56,45;5,09;70,00;70,06;45,26;28,61;22,25;54,30;88,38;28,92;14,87;108,55;5,57;13,61;14,52;47,73;48,94;25,63;8,19;10,09;2,13;25,30;516,60;162,10;337,15;215,50;239,70;13,65;36,02;124,30;73,82;4,11;112,96;106,68;72,16;7,15;143,25;24,84;149,12;3385,78
16/05/2019 00:00;75,41;20,85;251,45;118,20;122,50;70,24;181,62;64,60;57,29;5,19;69,80;71,16;45,95;29,02;22,61;54,00;89,20;28,41;15,21;109,95;5,59;13,82;14,75;48,61;49,01;26,00;8,21;10,25;2,18;25,72;521,90;168,50;341,20;219,30;244,50;13,78;36,94;126,15;75,04;4,19;116,08;108,66;73,26;7,22;144,00;24,98;148,10;3438,56
17/05/2019 00:00;74,30;20,99;255,50;118,10;121,00;70,82;182,82;63,56;56,95;5,15;66,16;71,20;45,38;28,72;22,61;53,36;89,48;28,07;15,21;109,95;5,63;13,58;14,84;49,17;48,81;25,72;8,18;10,11;2,17;25,39;522,00;169,55;340,85;219,00;243,60;13,83;36,44;125,75;75,23;4,16;114,60;107,42;72,68;7,18;142,10;24,90;147,14;3425,64
20/05/2019 00:00;72,97;21,09;251,00;113,15;119,08;69,78;171,32;61,93;55,80;5,07;64,81;70,54;44,63;28,57;22,42;52,02;88,92;27,74;15,29;108,45;5,69;13,56;14,42;49,23;46,97;25,09;8,17;9,96;1,98;24,95;503,20;166,30;330,05;216,40;241,20;13,96;36,18;124,80;74,34;4,09;111,90;105,50;72,22;7,18;141,35;24,56;144,82;3369,78
21/05/2019 00:00;72,87;20,72;257,75;113,35;118,26;69,72;173,74;62,22;56,07;5,12;64,63;71,20;45,00;28,70;22,58;52,12;89,40;27,87;15,12;107,15;5,77;12,84;14,54;49,77;47,15;25,24;8,16;10,06;1,98;25,17;510,10;167,05;335,15;217,90;241,30;13,89;36,04;123,15;73,95;4,10;113,76;107,22;73,18;7,20;141,30;24,65;144,70;3386,51
22/05/2019 00:00;73,43;20,46;263,05;114,70;118,22;71,22;172,86;62,04;55,85;5,03;64,23;71,02;44,51;28,89;22,44;50,83;89,42;27,64;15,09;106,80;5,76;12,82;14,42;49,01;47,73;25,03;8,30;9,90;1,94;25,29;508,50;169,75;336,30;218,20;243,10;13,87;36,30;123,50;74,90;4,05;115,68;106,54;73,12;7,23;139,50;24,55;144,30;3386,72
23/05/2019 00:00;73,70;20,23;259,80;112,50;114,88;70,06;170,36;60,56;54,21;4,97;63,39;70,80;43,65;28,35;22,16;47,33;88,42;27,03;15,05;105,90;5,68;12,55;13,92;47,39;47,27;24,60;8,26;9,70;1,90;24,79;491,20;166,50;334,00;215,50;242,10;13,78;35,79;119,35;74,90;4,01;113,18;103,70;71,90;7,18;135,60;23,57;142,00;3327,20
24/05/2019 00:00;73,53;20,43;259,25;113,70;116,54;69,96;170,40;60,73;53,90;5,02;63,47;71,80;43,91;28,27;22,31;47,43;90,04;27,01;15,07;106,10;5,79;12,62;14,05;47,56;47,51;24,66;8,45;9,76;1,92;24,93;482,70;167,50;336,50;219,20;243,20;13,95;36,12;121,90;75,16;4,02;113,62;105,22;73,90;7,20;138,40;23,60;142,86;3350,70
27/05/2019 00:00;74,29;20,51;261,85;114,45;116,84;69,90;172,86;60,99;54,67;5,04;63,76;71,96;44,20;28,37;22,38;47,70;90,44;27,05;15,22;106,20;5,77;12,75;14,07;47,85;47,69;23,05;8,50;9,77;1,91;25,06;485,95;169,20;338,65;219,70;244,50;14,02;36,05;121,80;75,57;4,04;113,72;105,30;73,84;7,24;138,90;23,40;144,06;3364,04
28/05/2019 00:00;73,96;20,57;264,05;113,00;116,32;68,98;172,16;59,89;55,43;5,05;63,84;72,26;44,29;28,25;22,20;47,68;89,60;26,62;15,26;104,00;5,77;12,70;14,03;47,52;47,75;22,60;8,48;9,82;1,89;25,14;479,25;165,45;342,60;219,40;243,50;14,03;36,07;119,25;74,24;4,02;113,16;105,30;73,68;7,25;137,95;23,63;144,84;3348,86
29/05/2019 00:00;72,58;20,29;258,60;111,95;114,38;67,46;168,80;59,57;53,91;5,00;63,15;71,40;41,33;27,91;22,06;47,23;88,08;26,53;15,16;103,20;5,64;12,52;13,73;46,84;46,34;22,55;8,44;9,72;1,87;24,87;461,10;163,70;338,20;215,70;240,30;13,94;35,52;117,15;73,26;4,00;111,20;102,84;71,24;7,19;136,35;23,65;143,28;3297,81
30/05/2019 00:00;74,00;20,23;258,25;112,95;115,24;68,94;170,98;59,82;54,30;5,08;63,05;71,84;41,35;28,43;22,17;47,30;88,82;26,73;15,20;103,65;5,56;12,50;13,69;46,84;46,11;22,57;8,42;9,76;1,87;24,96;474,55;165,00;341,65;219,30;241,90;14,05;35,94;118,10;73,19;4,05;112,00;103,12;71,62;7,22;134,95;24,10;143,22;3318,15
31/05/2019 00:00;72,61;20,14;256,20;111,50;114,86;68,36;169,30;59,06;52,82;4,87;62,02;71,40;40,88;27,99;22,08;46,44;88,46;26,38;15,11;103,15;5,57;12,45;13,58;46,64;45,41;22,46;8,31;9,70;1,83;24,05;465,95;162,30;338,60;216,10;240,40;14,04;35,45;117,70;72,24;3,95;110,42;101,44;70,80;7,18;135,35;24,13;139,50;3280,43
03/06/2019 00:00;73,02;20,07;259,20;112,85;117,16;68,16;169,40;59,15;53,88;4,86;61,64;72,96;40,82;27,98;21,80;46,66;88,94;26,48;15,22;105,00;5,61;12,52;13,82;46,71;45,91;22,40;8,43;9,60;1,83;24,43;466,55;164,30;340,50;217,10;241,50;14,15;35,69;119,05;73,75;3,94;111,22;102,42;71,86;7,20;134,70;24,41;140,06;3300,22
04/06/2019 00:00;74,30;19,96;258,00;114,30;118,48;68,00;168,52;61,32;54,50;5,01;63,43;71,82;42,00;28,78;22,29;48,58;89,24;26,99;15,23;103,55;5,71;12,66;14,02;47,22;46,84;22,72;8,46;9,98;1,87;24,83;468,45;167,20;342,10;219,10;239,80;13,81;35,22;120,35;73,68;4,04;111,14;104,28;72,06;7,32;136,40;24,25;144,66;3333,49
05/06/2019 00:00;74,35;20,03;257,40;114,20;118,70;68,58;169,04;61,06;53,98;4,98;63,02;71,70;41,73;28,68;22,20;48,05;89,32;27,08;15,30;105,90;5,73;12,95;13,87;46,88;46,69;22,42;8,60;9,89;1,85;24,89;471,40;170,10;349,50;218,40;242,20;13,90;35,33;120,75;73,71;4,01;111,96;104,48;72,30;7,39;138,30;24,52;142,78;3339,95
06/06/2019 00:00;74,25;20,21;260,50;114,20;117,96;69,40;169,90;60,88;53,29;4,94;62,34;71,58;41,01;28,63;22,17;47,32;89,14;26,99;15,35;105,70;5,81;12,99;13,90;47,24;45,96;22,31;8,78;9,80;1,83;24,92;470,95;173,70;350,35;219,10;242,10;13,63;35,25;119,95;75,02;3,97;111,38;103,58;71,94;7,40;135,00;24,11;141,84;3338,41
07/06/2019 00:00;75,47;20,42;265,25;116,90;120,92;71,40;173,80;61,28;52,87;4,92;62,32;72,26;40,82;28,57;22,40;47,61;90,28;27,32;15,39;107,00;5,89;13,22;13,96;47,80;45,90;22,11;8,87;9,86;1,83;25,08;479,60;175,10;357,05;221,10;245,10;13,73;35,43;122,35;78,32;3,96;113,72;104,24;73,16;7,47;136,40;24,44;141,88;3378,38
10/06/2019 00:00;75,70;20,37;263,68;116,10;121,06;71,36;175,00;62,03;53,36;5,07;62,65;72,60;41,48;28,67;22,42;48,04;90,54;27,35;15,36;106,80;5,83;13,10;14,00;48,25;46,34;22,27;8,82;10,07;1,85;25,43;481,75;175,80;358,20;220,70;245,20;13,77;36,04;123,30;77,30;4,04;113,45;104,90;74,02;7,46;137,85;24,55;142,81;3386,45
11/06/2019 00:00;75,97;20,37;262,10;117,20;123,40;71,30;177,38;62,78;53,85;5,00;62,98;72,38;41,56;28,86;22,66;48,47;90,66;27,38;15,33;106,75;5,85;13,07;14,05;48,27;46,78;22,30;8,80;10,13;1,85;25,28;490,60;176,50;359,60;220,30;245,60;13,85;36,20;124,75;76,10;4,01;113,18;105,56;74,32;7,53;137,35;24,20;143,74;3401,10
12/06/2019 00:00;76,93;20,15;256,80;118,30;122,28;69,34;175,00;61,95;53,31;4,94;62,64;72,40;41,14;27,93;22,60;48,09;90,16;27,37;15,47;105,50;5,89;13,01;13,82;46,95;45,32;21,85;8,89;10,02;1,83;25,02;487,15;178,35;356,80;221,80;247,20;13,86;36,53;124,15;76,57;3,97;113,32;105,02;74,44;7,59;135,65;24,51;142,36;3386,63
13/06/2019 00:00;76,35;20,42;259,30;118,20;122,66;69,68;175,00;61,64;53,63;4,91;62,78;72,66;41,10;28,58;22,69;48,18;89,58;27,44;15,46;104,65;5,99;12,81;13,90;46,98;46,14;21,48;8,90;9,93;1,84;25,11;485,00;179,65;355,25;222,10;247,40;13,89;36,90;123,25;75,98;3,98;114,44;105,18;75,08;7,49;136,80;24,47;142,80;3390,50
14/06/2019 00:00;75,38;20,58;260,60;118,75;122,42;68,10;171,04;60,48;52,85;4,88;62,46;72,52;40,86;28,36;22,61;47,42;89,58;27,38;15,39;106,40;6,07;12,96;13,94;47,25;46,13;21,24;8,96;9,82;1,84;25,00;486,45;180,60;354,00;221,60;248,00;13,82;36,67;122,90;75,98;3,95;113,54;104,02;75,06;7,44;135,85;24,48;141,24;3379,19
17/06/2019 00:00;74,93;20,57;262,80;118,35;125,00;67,28;170,40;59,98;52,53;4,87;62,10;72,84;40,76;28,21;22,93;47,32;89,90;27,36;15,35;106,75;6,08;12,83;13,87;47,15;46,47;21,13;8,90;9,87;1,83;24,88;494,25;181,10;358,30;222,70;249,30;13,79;37,06;124,90;75,47;3,96;114,62;103,42;75,04;7,38;134,60;24,63;140,72;3383,21
18/06/2019 00:00;77,39;20,97;273,30;121,10;125,46;68,94;173,64;61,59;54,07;4,90;63,61;74,10;41,50;28,65;23,12;48,66;91,60;28,02;15,58;110,00;6,24;13,43;14,16;48,19;47,97;21,57;9,07;10,07;1,87;24,96;514,20;182,40;368,80;225,00;252,90;14,11;37,67;129,00;77,47;4,01;118,16;105,80;77,44;7,36;136,55;24,77;143,32;3452,89
19/06/2019 00:00;77,86;20,72;267,10;120,80;123,00;68,48;174,98;62,20;55,03;5,01;64,20;74,30;42,23;28,41;23,18;49,20;92,68;27,93;15,52;111,60;6,17;13,50;14,22;48,32;48,37;22,05;8,91;10,24;1,91;25,00;508,20;178,25;366,00;223,70;254,20;14,00;37,85;131,70;77,88;4,06;116,98;106,28;77,26;7,36;136,80;24,55;145,36;3454,70
20/06/2019 00:00;78,96;20,89;269,25;120,75;123,46;69,66;178,38;62,54;55,49;4,94;64,56;74,88;41,42;28,85;23,12;49,37;92,68;28,34;15,45;112,60;6,19;13,45;14,36;48,69;48,75;21,73;8,90;9,95;1,89;24,93;513,00;179,15;370,00;223,60;255,60;13,98;38,28;132,45;78,33;4,01;118,72;106,46;78,30;7,32;133,85;24,87;146,90;3468,08
21/06/2019 00:00;79,79;20,98;268,80;122,35;122,78;69,58;178,70;62,69;54,82;4,92;64,44;74,80;41,05;28,51;23,26;49,62;91,04;28,39;15,41;111,20;6,23;13,50;14,61;49,12;48,19;22,05;8,95;9,86;1,88;25,47;516,20;179,25;368,30;225,40;255,30;13,93;38,05;131,85;77,68;4,00;118,50;105,74;78,90;7,26;134,15;24,73;147,18;3466,92
24/06/2019 00:00;79,39;20,33;265,45;121,95;123,26;68,34;177,68;62,05;55,34;4,92;63,64;75,20;40,76;28,08;23,30;47,76;91,70;28,33;15,36;110,40;6,23;13,44;14,52;49,00;47,36;21,57;8,94;9,79;1,87;25,49;518,00;178,65;371,25;224,70;255,40;13,92;37,76;131,45;77,12;3,98;118,82;106,06;78,28;7,26;129,25;24,94;147,00;3455,57
25/06/2019 00:00;78,23;19,69;263,20;121,90;125,18;67,98;177,34;61,74;55,32;4,88;63,15;75,28;40,46;28,40;23,12;47,59;92,06;28,11;15,36;109,80;6,20;13,37;14,44;48,95;47,61;21,43;8,89;9,73;1,87;25,24;510,60;178,50;371,70;223,40;254,10;13,88;37,88;131,55;77,05;4,00;118,46;104,80;78,06;7,28;129,20;24,78;145,92;3444,36
26/06/2019 00:00;77,34;19,50;270,90;120,70;125,54;68,26;179,00;62,12;55,99;4,89;64,57;74,70;41,17;28,53;23,16;48,12;90,38;28,24;15,27;109,15;6,08;13,25;14,51;49,52;47,16;21,77;8,82;10,00;1,88;25,50;510,20;177,30;367,60;223,40;250,00;13,88;37,73;130,80;75,92;4,05;118,50;103,74;78,64;7,30;126,30;24,46;147,50;3442,95
27/06/2019 00:00;76,47;19,66;265,70;121,75;123,88;68,70;179,70;63,08;60,86;4,90;64,85;74,70;41,45;28,55;23,00;48,30;89,74;28,36;15,17;113,60;6,08;13,15;14,47;49,13;47,88;21,99;8,78;10,19;1,88;26,31;515,60;174,95;368,35;220,80;248,00;13,83;38,00;128,35;75,68;4,04;118,00;103,54;78,98;7,21;127,25;23,81;147,18;3442,38
28/06/2019 00:00;77,84;19,78;271,50;123,05;124,68;69,66;183,74;63,92;60,94;4,92;65,09;74,50;41,77;28,69;23,10;48,93;90,06;28,90;15,21;114,75;6,14;13,34;14,61;49,28;47,68;22,22;8,77;10,20;1,88;26,45;520,10;176,65;374,30;220,70;250,50;13,87;38,19;128,85;75,91;4,08;120,76;104,60;79,76;7,22;131,75;24,21;148,22;3473,69
01/07/2019 00:00;78,30;19,89;274,35;122,65;124,30;71,44;189,36;63,96;61,31;4,97;65,10;74,24;42,09;29,19;23,24;48,81;90,46;29,20;15,24;113,60;6,13;13,44;14,64;49,78;48,63;22,23;8,74;10,23;1,87;26,45;525,10;178,80;374,60;222,70;249,30;13,86;38,94;129,15;76,83;4,12;122,26;106,00;80,74;7,27;132,60;24,51;150,00;3497,59
02/07/2019 00:00;79,92;19,99;273,80;122,95;123,96;71,14;189,70;62,73;60,53;4,93;65,33;74,90;41,87;29,40;23,51;48,65;90,48;29,23;15,23;114,15;6,26;13,67;14,50;49,59;48,08;22,14;8,89;10,16;1,89;26,53;526,60;178,85;377,50;226,00;254,00;13,85;39,18;130,05;77,09;4,11;123,50;105,00;80,34;7,31;133,25;24,74;151,00;3507,98
03/07/2019 00:00;83,21;20,30;278,65;123,65;125,64;71,28;189,70;62,58;61,01;5,03;66,61;75,64;42,57;29,66;23,68;49,02;92,38;29,46;15,37;114,70;6,41;13,90;14,57;49,12;48,16;22,34;9,00;10,30;1,98;26,87;526,70;179,70;380,00;228,10;256,90;13,84;39,52;131,45;78,24;4,18;124,38;105,38;80,68;7,32;129,60;24,94;153,62;3540,63
04/07/2019 00:00;82,72;20,38;278,25;122,75;125,38;71,40;189,10;62,68;60,92;5,09;67,11;75,68;43,05;30,27;23,73;49,04;92,02;29,68;15,52;114,40;6,45;13,83;14,65;49,46;48,13;22,42;8,73;10,41;2,03;27,08;527,10;178,75;381,35;227,70;255,30;13,99;39,60;131,20;77,97;4,22;123,76;105,54;81,00;7,43;130,10;24,89;154,64;3544,15
05/07/2019 00:00;82,50;20,27;277,15;122,50;124,58;70,72;185,72;62,56;60,71;5,08;67,05;74,94;43,41;29,89;23,79;49,12;91,24;29,59;15,46;114,20;6,40;13,77;14,55;49,42;47,77;22,81;8,63;10,50;2,03;27,20;522,20;180,05;380,80;226,50;252,70;13,96;39,49;130,75;77,80;4,22;122,82;102,44;77,70;7,39;131,15;24,91;154,60;3527,98
08/07/2019 00:00;82,31;20,23;280,00;122,75;123,92;71,44;185,82;62,59;60,03;4,99;66,70;75,24;42,97;29,42;23,80;48,58;90,80;29,51;15,45;114,65;6,41;13,80;14,65;49,70;47,47;22,56;8,59;10,29;2,02;27,19;523,70;180,60;383,00;227,50;254,60;13,92;39,46;129,65;76,97;4,18;123,20;101,48;78,02;7,39;130,90;24,95;154,80;3523,76
09/07/2019 00:00;81,89;20,00;281,70;122,40;124,10;72,08;183,92;60,51;59,80;4,95;66,17;75,12;42,58;29,28;23,75;47,77;90,84;29,24;15,46;115,20;6,41;13,93;14,55;49,51;45,84;22,25;8,59;10,21;2,01;27,19;522,10;179,65;383,00;227,20;253,70;13,86;39,20;128,95;77,49;4,14;123,00;101,30;76,94;7,45;132,20;24,97;153,96;3509,75
10/07/2019 00:00;80,77;20,06;278,65;123,05;125,84;70,86;184,48;60,12;59,51;4,94;65,65;75,10;42,70;29,21;23,71;47,02;90,34;29,32;15,41;116,00;6,43;13,83;14,71;49,76;46,12;22,48;8,61;10,28;2,03;26,82;516,80;179,65;381,00;224,60;253,80;13,73;39,46;128,70;76,55;4,17;121,90;100,78;77,02;7,40;129,55;24,95;152,40;3501,52
11/07/2019 00:00;79,80;20,17;278,25;121,90;125,98;71,64;185,06;59,50;59,14;4,93;65,24;75,74;42,57;29,47;23,58;46,65;89,72;29,45;15,31;116,30;6,51;13,82;14,80;49,86;47,57;22,49;8,59;10,37;2,06;26,95;517,70;178,55;383,10;224,00;251,40;13,51;39,49;127,70;75,10;4,20;121,92;99,69;76,54;7,44;129,75;24,88;151,94;3496,73
12/07/2019 00:00;78,93;20,39;276,50;123,00;127,68;71,72;184,60;60,22;58,83;4,90;65,89;75,84;42,53;29,75;23,66;46,34;91,32;29,36;15,25;118,00;6,45;13,89;14,83;49,87;46,48;22,73;8,55;10,39;2,05;27,42;522,20;180,45;384,00;221,70;251,50;13,41;39,27;129,30;73,50;4,19;121,06;99,68;76,96;7,39;129,50;24,97;153,54;3497,63
15/07/2019 00:00;78,44;20,33;278,60;123,15;129,20;72,44;183,86;61,03;58,63;4,93;66,66;75,86;42,84;29,51;23,69;46,52;91,80;29,43;15,06;117,95;6,49;13,87;14,71;50,09;46,80;22,82;8,56;10,37;2,05;27,59;519,90;181,50;380,05;223,50;250,50;13,31;39,55;128,75;73,79;4,17;121,42;99,75;77,02;7,38;129,05;24,89;154,20;3502,22
16/07/2019 00:00;78,75;20,54;280,70;123,05;131,14;73,60;184,46;61,71;59,08;4,97;67,12;75,68;43,21;30,20;23,88;46,82;94,30;29,54;15,00;118,25;6,45;13,77;14,67;49,97;46,78;23,10;8,57;10,49;2,06;27,59;530,60;182,10;385,30;223,50;251,30;13,33;39,88;130,20;74,32;4,22;120,98;100,34;77,98;7,42;127,00;24,91;154,94;3521,36
17/07/2019 00:00;79,16;20,85;280,80;122,50;131,96;73,54;194,00;60,84;59,01;4,91;66,35;75,50;42,52;29,55;23,80;46,13;93,52;29,47;14,87;116,55;6,51;13,80;14,41;48,59;45,63;22,83;8,57;10,28;2,04;27,09;524,60;180,45;382,70;223,20;251,60;13,31;39,50;129,55;74,25;4,12;120,06;99,68;77,18;7,31;127,45;24,95;153,06;3501,58
18/07/2019 00:00;79,22;20,37;281,85;122,35;132,10;72,04;199,50;60,43;58,76;4,86;66,15;75,74;42,37;29,47;23,64;45,38;93,14;29,36;14,77;118,80;6,56;13,83;14,30;48,03;45,33;22,72;8,61;10,24;2,05;27,45;519,60;180,05;382,85;223,00;250,60;13,26;39,25;129,95;74,00;4,04;113,32;99,18;76,10;7,28;126,70;25,01;151,46;3482,83
19/07/2019 00:00;83,61;20,39;278,95;121,90;131,50;72,02;199,50;60,80;59,55;4,78;66,57;75,30;42,00;29,47;23,58;45,44;93,00;29,50;14,68;119,10;6,29;13,75;14,22;48,20;45,03;22,37;8,51;10,08;2,01;27,48;522,70;181,30;382,30;225,80;248,00;13,23;38,94;133,30;74,57;4,00;112,00;99,54;76,30;7,24;128,00;24,91;151,46;3480,18
22/07/2019 00:00;84,50;20,56;284,10;123,00;130,76;73,34;202,20;61,26;59,60;4,74;66,77;75,40;42,00;29,52;23,53;46,04;92,98;29,48;14,70;119,05;6,27;13,82;14,32;48,20;44,88;22,33;8,52;10,07;2,01;27,37;527,20;181,30;384,80;223,40;250,30;13,16;41,17;133,25;75,41;3,99;111,24;99,50;76,50;7,22;126,00;24,89;151,40;3489,92
23/07/2019 00:00;85,70;20,49;283,05;124,45;132,62;73,34;205,90;63,67;60,99;4,88;69,34;75,52;42,93;29,47;23,68;48,05;93,30;30,22;14,74;119,30;6,27;13,97;14,39;48,86;45,20;23,03;8,56;10,27;2,04;27,54;524,00;184,70;383,30;222,90;250,30;13,22;42,19;136,45;75,86;4,13;112,46;101,44;77,90;7,27;128,55;24,68;157,14;3532,87
24/07/2019 00:00;86,33;20,38;282,25;124,20;131,96;73,88;209,45;63,86;60,10;4,88;70,01;75,32;42,93;29,45;23,54;49,22;92,80;30,46;14,81;119,15;6,33;14,04;14,41;48,45;45,63;23,17;8,64;10,29;2,04;27,50;519,50;182,20;380,30;223,90;247,10;13,16;42,14;135,95;75,73;4,14;113,78;102,24;77,54;7,28;128,55;24,82;158,62;3532,90
25/07/2019 00:00;90,00;20,45;282,70;122,70;130,50;72,96;207,70;62,76;59,18;4,89;68,95;77,20;42,99;29,84;23,54;48,26;91,50;30,24;14,66;119,00;6,25;13,95;14,35;47,92;45,00;22,99;8,64;10,45;2,02;27,53;508,90;177,90;376,15;220,00;248,00;13,39;41,81;132,95;75,40;4,09;112,22;100,96;79,00;7,07;126,50;24,70;154,06;3510,15
26/07/2019 00:00;90,43;20,53;289,80;123,95;131,00;73,14;208,40;61,94;59,90;4,83;68,67;78,40;42,94;30,14;23,47;48,38;91,96;30,30;14,84;119,10;6,21;14,05;14,34;48,03;45,04;23,08;8,59;10,41;2,01;27,65;473,25;179,90;385,60;219,00;249,10;13,52;42,20;135,00;75,95;4,06;114,10;100,98;79,24;7,06;124,50;26,19;155,26;3524,47
29/07/2019 00:00;91,38;20,75;288,90;124,25;130,08;72,92;206,05;62,21;59,33;4,80;68,29;78,74;42,66;29,94;23,50;48,47;92,20;30,33;15,14;119,35;6,25;14,32;14,25;48,06;45,92;22,91;8,64;10,34;1,99;27,48;479,10;179,05;378,75;221,80;251,10;13,62;42,52;132,55;77,10;4,04;113,42;101,20;79,26;7,10;125,90;25,54;153,20;3523,58
30/07/2019 00:00;90,88;20,40;279,15;125,20;127,72;71,42;205,00;60,44;57,16;4,66;67,11;78,22;41,52;29,55;23,00;47,24;90,00;29,43;14,89;118,55;6,17;14,04;14,09;47,24;44,94;22,06;8,52;10,08;1,97;26,97;471,35;176,35;374,50;218,20;247,40;13,46;42,37;131,10;75,58;3,89;110,58;99,62;77,38;6,96;125,25;25,00;151,74;3462,85
31/07/2019 00:00;91,07;20,46;289,55;125,00;128,06;71,36;202,80;60,53;58,75;4,60;66,83;78,40;42,18;30,00;22,90;46,90;93,24;29,51;14,88;122,65;6,20;13,92;14,20;47,04;45,54;22,21;8,57;10,07;1,96;27,03;469,50;173,75;375,30;217,80;242,00;13,43;42,49;129,85;75,46;3,86;111,72;98,99;78,08;6,92;121,00;25,18;150,94;3466,85
01/08/2019 00:00;92,71;20,45;296,35;126,25;129,42;72,06;207,55;60,70;60,25;4,64;67,49;79,14;42,85;30,01;23,17;46,80;94,16;29,40;15,05;127,70;6,24;13,85;14,10;46,55;45,78;23,50;8,62;9,84;2,00;27,56;469,45;174,05;379,10;218,00;245,20;13,52;43,65;130,55;75,49;3,88;113,18;95,00;78,74;6,88;122,50;25,02;150,64;3490,03
02/08/2019 00:00;89,88;20,44;279,40;121,35;123,34;69,94;197,56;58,21;58,00;4,52;64,65;77,04;41,15;28,75;22,30;45,23;91,28;28,35;14,83;123,15;6,20;13,67;13,68;44,73;44,71;22,42;8,66;9,25;1,95;27,04;450,90;167,30;358,40;214,30;237,60;13,40;41,70;126,65;74,22;3,76;109,36;92,15;74,42;6,78;123,30;24,16;146,24;3376,12
05/08/2019 00:00;87,65;20,24;267,80;120,75;120,70;68,74;190,84;56,61;55,83;4,46;63,34;76,22;40,42;27,90;21,82;43,94;89,20;27,88;14,66;120,50;6,12;13,35;13,48;44,14;43,50;22,40;8,64;8,85;1,97;26,38;442,35;171,55;343,25;212,70;230,30;13,28;41,03;123,65;72,35;3,70;106,18;89,75;72,74;6,66;123,15;23,98;142,98;3310,93
06/08/2019 00:00;86,77;20,16;269,85;120,50;119,92;67,58;190,02;56,53;55,50;4,41;62,26;75,94;40,27;27,81;21,62;43,28;90,00;28,51;14,60;121,10;6,13;13,26;13,38;43,55;42,60;22,31;8,70;8,75;1,94;25,96;446,70;166,00;350,45;210,00;228,60;13,27;40,74;121,65;72,24;3,62;104,00;89,64;72,80;6,53;122,55;24,93;142,94;3291,66
07/08/2019 00:00;86,80;20,06;273,55;121,10;122,00;68,18;190,60;56,78;58,84;4,41;62,11;76,14;39,96;27,88;21,43;43,31;91,40;28,69;14,63;125,00;6,13;13,33;13,19;43,18;42,41;22,10;8,79;8,74;1,91;26,29;447,00;167,70;357,65;211,40;233,00;13,29;40,94;122,90;72,69;3,61;106,20;89,36;72,96;6,51;123,30;24,97;142,78;3309,99
08/08/2019 00:00;87,57;21,11;267,45;124,40;127,16;69,80;195,76;58,49;62,97;4,52;62,53;77,94;40,75;28,77;21,86;43,85;93,88;29,40;14,55;128,15;6,14;13,43;13,43;43,91;42,86;22,77;8,80;8,88;1,95;26,73;456,10;171,40;368,25;215,10;238,00;13,34;41,74;127,55;74,61;3,70;108,66;90,48;74,30;6,53;124,15;25,37;144,28;3375,38
09/08/2019 00:00;87,24;20,53;259,65;122,50;125,12;68,94;191,56;58,13;64,63;4,44;61,03;77,66;40,21;28,38;21,66;42,58;94,00;28,68;14,45;129,35;6,04;13,28;13,19;43,49;42,49;22,28;8,82;8,65;1,87;26,50;454,60;169,55;364,35;215,90;232,70;13,21;41,30;126,65;73,75;3,61;106,08;89,00;72,94;6,35;123,15;25,00;141,34;3333,74
12/08/2019 00:00;86,22;20,43;261,70;123,35;125,20;68,74;192,00;58,00;63,76;4,28;60,83;77,78;39,67;28,55;21,60;42,35;94,00;28,53;14,46;128,50;6,06;13,31;13,17;43,23;42,26;21,79;8,89;8,50;1,84;26,34;448,80;172,50;356,55;217,80;234,50;13,26;41,46;127,15;73,82;3,55;106,34;88,62;73,06;6,25;122,85;25,21;140,96;3326,55
13/08/2019 00:00;85,73;20,31;261,75;125,00;126,58;67,94;195,50;58,67;64,96;4,35;61,04;77,86;40,37;29,15;21,63;42,85;94,96;29,03;14,59;131,10;6,08;13,48;13,42;44,22;42,97;22,38;8,93;8,64;1,89;26,24;439,95;173,65;359,55;218,20;233,50;13,46;41,60;127,90;75,40;3,59;107,62;89,24;74,30;6,25;122,50;25,38;142,90;3357,16
14/08/2019 00:00;84,20;20,14;255,20;121,50;121,84;66,24;187,30;57,32;63,92;4,24;59,60;78,80;39,32;28,59;21,31;41,54;92,92;28,45;14,54;128,25;6,01;13,32;13,10;43,64;41,99;21,47;8,93;8,40;1,85;25,82;428,45;168,15;348,15;214,50;230,10;13,27;40,82;124,00;75,43;3,47;105,48;86,15;72,12;5,99;120,50;25,06;139,88;3288,70
15/08/2019 00:00;84,51;20,20;257,10;121,50;122,40;66,16;188,06;56,20;62,98;4,23;58,82;78,76;39,60;28,41;21,24;40,53;93,48;28,23;14,65;126,75;6,15;13,33;13,07;43,30;41,75;21,38;9,13;8,34;1,86;25,59;427,60;168,00;345,70;215,50;230,30;13,27;40,95;125,30;74,83;3,47;105,74;85,00;71,50;5,95;119,40;25,06;138,16;3282,78
16/08/2019 00:00;85,63;20,99;257,70;123,20;123,02;67,24;191,42;56,85;64,61;4,37;59,56;80,10;40,61;28,91;21,53;41,25;95,48;28,58;14,88;127,25;6,29;13,47;13,04;43,24;42,26;22,07;9,25;8,58;1,88;25,99;432,30;169,05;348,45;217,00;233,30;13,46;41,65;126,30;75,99;3,59;107,30;85,84;72,64;6,01;120,35;25,47;139,86;3329,08
19/08/2019 00:00;86,57;20,84;259,50;123,45;124,78;68,28;195,08;57,97;66,30;4,27;60,36;80,54;40,80;29,03;21,72;41,97;97,46;28,88;14,98;128,55;6,36;13,63;13,27;44,15;43,47;22,38;9,30;8,49;1,91;26,61;437,95;170,25;356,85;219,80;237,60;13,60;42,00;126,95;77,24;3,55;107,98;87,23;73,06;6,11;122,20;25,67;142,32;3369,19
20/08/2019 00:00;85,66;20,69;260,95;122,70;126,20;67,18;194,26;57,85;66,00;4,21;59,74;79,94;40,53;28,52;21,49;41,34;97,22;28,62;14,96;129,05;6,24;13,49;13,14;43,67;43,52;22,11;9,29;8,48;1,90;26,33;434,80;170,25;355,70;219,10;236,40;13,50;42,01;126,50;77,06;3,49;106,86;87,22;72,96;5,95;121,60;25,52;141,14;3350,23
21/08/2019 00:00;86,64;20,89;265,80;124,95;128,00;68,54;196,00;58,99;67,23;4,23;60,59;80,60;40,61;29,23;21,58;41,96;98,52;29,09;14,88;131,25;6,32;13,55;13,35;44,39;43,90;22,12;9,34;8,41;1,92;27,14;439,05;170,95;369,10;220,50;241,10;13,53;42,35;130,10;77,93;3,48;109,86;89,12;74,36;5,97;123,35;25,76;142,64;3394,89
22/08/2019 00:00;86,15;20,83;262,55;124,20;124,42;67,24;193,68;59,06;67,72;4,33;60,61;79,68;40,94;28,72;21,58;42,02;97,12;29,05;14,83;130,50;6,28;13,45;13,31;44,40;43,99;22,58;9,31;8,58;1,94;27,22;430,80;169,00;361,10;219,40;239,00;13,47;42,18;128,40;77,02;3,53;107,48;88,93;74,16;5,99;122,35;25,61;143,06;3373,67
23/08/2019 00:00;85,56;20,80;259,80;122,25;122,62;66,90;190,16;58,07;66,59;4,24;58,70;78,86;40,07;29,22;21,25;40,72;95,54;28,89;14,77;130,95;6,22;13,42;13,14;43,58;44,06;22,34;9,26;8,41;1,90;27,05;426,00;165,70;355,50;217,40;236,10;13,40;41,74;129,20;76,73;3,47;106,38;88,19;73,30;5,94;122,00;25,41;141,16;3334,25
26/08/2019 00:00;85,10;20,75;261,40;123,70;122,84;66,42;192,42;58,00;66,62;4,28;59,57;79,70;40,55;29,27;21,30;41,33;96,80;28,98;14,81;131,50;6,33;13,50;13,22;43,84;44,04;22,54;9,26;8,48;1,94;26,89;425,05;166,05;353,60;218,60;238,60;13,44;41,43;128,00;76,95;3,50;106,72;88,57;73,80;6,06;122,80;25,33;142,18;3348,84
27/08/2019 00:00;85,16;20,78;264,10;123,70;122,56;67,04;193,46;58,24;66,98;4,29;59,49;80,60;40,33;29,50;21,26;41,54;97,82;29,23;14,90;132,85;6,50;13,66;13,30;43,97;43,96;22,43;9,30;8,50;1,95;27,16;430,05;167,00;359,85;217,70;244,10;13,52;41,93;128,25;77,87;3,47;108,54;89,00;73,62;6,14;123,55;25,31;143,50;3370,47
28/08/2019 00:00;84,30;20,87;265,25;123,80;121,60;66,62;194,10;58,48;66,70;4,27;59,72;80,54;40,20;29,23;20,78;41,71;97,18;29,20;14,93;133,00;6,50;13,65;13,40;44,32;44,21;22,41;9,32;8,48;1,97;27,55;429,70;167,60;355,85;216,50;246,30;13,58;42,14;127,00;77,48;3,47;107,12;88,71;73,26;6,23;123,70;25,18;143,54;3365,38
29/08/2019 00:00;86,11;21,23;266,00;126,15;125,28;67,16;199,42;59,67;67,64;4,32;60,17;81,44;40,83;30,16;20,88;41,99;98,42;29,68;15,14;134,25;6,63;13,80;13,62;45,00;44,67;22,86;9,36;8,60;2,01;27,70;435,35;170,30;361,35;218,60;249,30;13,72;42,42;131,00;78,02;3,46;108,38;90,00;74,72;6,29;122,00;25,54;145,28;3411,33
30/08/2019 00:00;86,20;21,29;269,70;126,65;125,34;67,76;202,25;60,18;67,34;4,31;60,81;81,46;41,04;30,28;20,87;42,71;99,50;29,90;15,18;134,25;6,59;13,83;13,68;45,39;44,16;23,06;9,35;8,70;1,99;28,12;440,40;170,70;362,40;217,90;248,60;13,80;42,89;132,15;78,12;3,44;108,60;90,95;76,16;6,30;119,10;25,43;146,10;3426,76
02/09/2019 00:00;86,23;21,40;270,20;127,40;126,00;67,18;200,70;60,01;66,72;4,28;60,53;81,56;41,05;30,55;20,99;42,60;99,84;30,08;15,25;133,45;6,68;13,87;13,71;45,28;44,25;23,05;9,44;8,66;2,00;27,85;440,85;171,05;362,90;220,50;251,20;13,83;43,01;131,90;79,53;3,43;108,36;90,51;75,64;6,36;119,80;25,30;146,66;3432,54
03/09/2019 00:00;85,94;21,45;270,40;125,35;124,62;67,00;201,25;59,36;66,40;4,29;60,40;81,78;40,85;30,42;20,81;43,03;99,98;29,67;15,19;133,85;6,68;13,84;13,60;44,78;44,41;22,98;9,53;8,65;2,00;27,87;433,40;170,50;355,65;219,70;252,90;13,82;42,90;129,90;81,05;3,40;108,30;89,87;74,52;6,37;117,50;25,26;146,28;3420,74
04/09/2019 00:00;85,67;21,59;273,05;125,90;126,20;67,40;204,70;60,21;67,51;4,31;61,09;82,00;41,26;30,86;21,02;43,97;100,70;29,95;15,20;135,45;6,74;13,86;13,67;45,41;44,67;23,36;9,50;8,77;2,03;27,80;446,25;169,95;368,50;221,70;254,80;13,79;42,99;131,30;81,10;3,41;109,22;91,20;74,74;6,44;118,35;25,33;147,96;3450,83
05/09/2019 00:00;84,95;21,63;274,80;124,30;127,32;68,08;215,10;61,01;66,50;4,50;62,32;81,80;42,46;30,63;21,41;45,35;100,90;30,39;15,08;134,80;6,67;13,76;13,87;46,23;44,62;24,18;9,44;9,03;2,06;28,54;455,40;170,00;376,40;222,20;250,70;13,71;42,97;138,00;81,19;3,53;111,48;91,55;76,14;6,51;120,00;25,25;150,84;3484,70